Name,Subjects
Academic 0,"['Allied Health Professions, Dentistry, Nursing and Pharmacy']"
Academic 1,['Geography and Environmental Studies']
Academic 2,['Politics and International Studies']
Academic 3,['Business and Management Studies']
Academic 4,"['Sport and Exercise Sciences, Leisure and Tourism']"
Academic 5,['Social Work and Social Policy']
Academic 6,['Social Work and Social Policy']
Academic 7,['Business and Management Studies']
Academic 8,"['Art and Design: History, Practice and Theory']"
Academic 9,"['Allied Health Professions, Dentistry, Nursing and Pharmacy']"
Academic 10,['Classics']
Academic 11,"['Allied Health Professions, Dentistry, Nursing and Pharmacy', 'Sociology', 'Earth Systems and Environmental Sciences', 'English Language and Literature']"
Academic 12,['Biological Sciences']
Academic 13,['Sociology']
Academic 14,['Earth Systems and Environmental Sciences']
Academic 15,['Anthropology and Development Studies']
Academic 16,['English Language and Literature']
Academic 17,"['Theology and Religious Studies', 'Agriculture, Food and Veterinary Sciences', 'Education']"
Academic 18,['Archaeology']
Academic 19,['Law']
Academic 20,['Archaeology']
Academic 21,['Social Work and Social Policy']
Academic 22,['Earth Systems and Environmental Sciences']
Academic 23,['Education']
Academic 24,['Philosophy']
Academic 25,"['Architecture, Built Environment and Planning']"
Academic 26,['Business and Management Studies']
Academic 27,"['Art and Design: History, Practice and Theory']"
Academic 28,"['Psychology, Psychiatry and Neuroscience']"
Academic 29,"['Allied Health Professions, Dentistry, Nursing and Pharmacy']"
Academic 30,"['Politics and International Studies', 'Communication, Cultural and Media Studies, Library and Information Management', 'Economics and Econometrics']"
Academic 31,"['Modern Languages and Linguistics', 'Psychology, Psychiatry and Neuroscience']"
Academic 32,"['Allied Health Professions, Dentistry, Nursing and Pharmacy']"
Academic 33,['Computer Science and Informatics']
Academic 34,['Education']
Academic 35,['Social Work and Social Policy']
Academic 36,['Politics and International Studies']
Academic 37,"['Philosophy', 'Architecture, Built Environment and Planning']"
Academic 38,['Law']
Academic 39,['Politics and International Studies']
Academic 40,"['Public Health, Health Services and Primary Care']"
Academic 41,"['Agriculture, Food and Veterinary Sciences']"
Academic 42,['Geography and Environmental Studies']
Academic 43,['Earth Systems and Environmental Sciences']
Academic 44,['Law']
Academic 45,"['Psychology, Psychiatry and Neuroscience']"
Academic 46,['Social Work and Social Policy']
Academic 47,['English Language and Literature']
Academic 48,['Modern Languages and Linguistics']
Academic 49,['Theology and Religious Studies']
Academic 50,"['Economics and Econometrics', 'Music, Drama, Dance, Performing Arts, Film and Screen Studies', 'Philosophy', 'Agriculture, Food and Veterinary Sciences']"
Academic 51,['Mathematical Sciences']
Academic 52,['Clinical Medicine']
Academic 53,['Modern Languages and Linguistics']
Academic 54,['Philosophy']
Academic 55,['Philosophy']
Academic 56,['Theology and Religious Studies']
Academic 57,"['Music, Drama, Dance, Performing Arts, Film and Screen Studies']"
Academic 58,"['Music, Drama, Dance, Performing Arts, Film and Screen Studies']"
Academic 59,"['Communication, Cultural and Media Studies, Library and Information Management']"
Academic 60,['Clinical Medicine']
Academic 61,['Modern Languages and Linguistics']
Academic 62,['Area Studies']
Academic 63,"['Public Health, Health Services and Primary Care']"
Academic 64,['Theology and Religious Studies']
Academic 65,"['Music, Drama, Dance, Performing Arts, Film and Screen Studies', 'Mathematical Sciences', 'Architecture, Built Environment and Planning', 'English Language and Literature']"
Academic 66,['Education']
Academic 67,['Theology and Religious Studies']
Academic 68,['Politics and International Studies']
Academic 69,"['Communication, Cultural and Media Studies, Library and Information Management']"
Academic 70,['Classics']
Academic 71,['Chemistry']
Academic 72,['Business and Management Studies']
Academic 73,['Anthropology and Development Studies']
Academic 74,['Earth Systems and Environmental Sciences']
Academic 75,['Engineering']
Academic 76,"['Psychology, Psychiatry and Neuroscience']"
Academic 77,"['Economics and Econometrics', 'Physics', 'Communication, Cultural and Media Studies, Library and Information Management']"
Academic 78,"['Communication, Cultural and Media Studies, Library and Information Management']"
Academic 79,['Law']
Academic 80,['Biological Sciences']
Academic 81,['Mathematical Sciences']
Academic 82,"['Agriculture, Food and Veterinary Sciences']"
Academic 83,['Social Work and Social Policy']
Academic 84,"['Allied Health Professions, Dentistry, Nursing and Pharmacy']"
Academic 85,['Engineering']
Academic 86,"['Physics', 'English Language and Literature', 'Communication, Cultural and Media Studies, Library and Information Management', 'Modern Languages and Linguistics']"
Academic 87,"['Music, Drama, Dance, Performing Arts, Film and Screen Studies']"
Academic 88,['Chemistry']
Academic 89,['Clinical Medicine']
Academic 90,['Social Work and Social Policy']
Academic 91,"['Allied Health Professions, Dentistry, Nursing and Pharmacy']"
Academic 92,['Law']
Academic 93,"['Psychology, Psychiatry and Neuroscience']"
Academic 94,"['Allied Health Professions, Dentistry, Nursing and Pharmacy']"
Academic 95,['Biological Sciences']
Academic 96,['Social Work and Social Policy']
Academic 97,"['Sport and Exercise Sciences, Leisure and Tourism']"
Academic 98,['Engineering']
Academic 99,['Geography and Environmental Studies']
Academic 100,['History']
Academic 101,['Chemistry']
Academic 102,"['Art and Design: History, Practice and Theory']"
Academic 103,"['Allied Health Professions, Dentistry, Nursing and Pharmacy']"
Academic 104,"['Psychology, Psychiatry and Neuroscience']"
Academic 105,['Sociology']
Academic 106,['Law']
Academic 107,['Computer Science and Informatics']
Academic 108,['Education']
Academic 109,"['Sport and Exercise Sciences, Leisure and Tourism']"
Academic 110,['Area Studies']
Academic 111,['Computer Science and Informatics']
Academic 112,['Physics']
Academic 113,"['Psychology, Psychiatry and Neuroscience']"
Academic 114,"['Public Health, Health Services and Primary Care']"
Academic 115,['Social Work and Social Policy']
Academic 116,['Archaeology']
Academic 117,['History']
Academic 118,"['Art and Design: History, Practice and Theory']"
Academic 119,"['Sport and Exercise Sciences, Leisure and Tourism', 'Psychology, Psychiatry and Neuroscience', 'Modern Languages and Linguistics']"
Academic 120,['Chemistry']
Academic 121,['Classics']
Academic 122,['Area Studies']
Academic 123,"['Sport and Exercise Sciences, Leisure and Tourism']"
Academic 124,['Philosophy']
Academic 125,['Computer Science and Informatics']
Academic 126,['Sociology']
Academic 127,['Economics and Econometrics']
Academic 128,['Anthropology and Development Studies']
Academic 129,"['Architecture, Built Environment and Planning']"
Academic 130,"['Communication, Cultural and Media Studies, Library and Information Management']"
Academic 131,['Biological Sciences']
Academic 132,['Biological Sciences']
Academic 133,['English Language and Literature']
Academic 134,['English Language and Literature']
Academic 135,"['Art and Design: History, Practice and Theory']"
Academic 136,"['Area Studies', 'Education', 'Modern Languages and Linguistics']"
Academic 137,"['Psychology, Psychiatry and Neuroscience']"
Academic 138,['Clinical Medicine']
Academic 139,['Theology and Religious Studies']
Academic 140,['Anthropology and Development Studies']
Academic 141,['Classics']
Academic 142,['Social Work and Social Policy']
Academic 143,"['Law', 'Architecture, Built Environment and Planning']"
Academic 144,['Sociology']
Academic 145,"['Art and Design: History, Practice and Theory', 'Politics and International Studies']"
Academic 146,"['Communication, Cultural and Media Studies, Library and Information Management']"
Academic 147,"['Sport and Exercise Sciences, Leisure and Tourism']"
Academic 148,['Clinical Medicine']
Academic 149,"['Public Health, Health Services and Primary Care', 'Education', 'English Language and Literature', 'Public Health, Health Services and Primary Care']"
Academic 150,['Law']
Academic 151,['History']
Academic 152,"['Art and Design: History, Practice and Theory']"
Academic 153,['Social Work and Social Policy']
Academic 154,['Anthropology and Development Studies']
Academic 155,['Economics and Econometrics']
Academic 156,['Archaeology']
Academic 157,['Chemistry']
Academic 158,"['Area Studies', 'Communication, Cultural and Media Studies, Library and Information Management']"
Academic 159,"['Agriculture, Food and Veterinary Sciences']"
Academic 160,['Education']
Academic 161,['Physics']
Academic 162,"['Sport and Exercise Sciences, Leisure and Tourism']"
Academic 163,['Clinical Medicine']
Academic 164,['Earth Systems and Environmental Sciences']
Academic 165,"['Sport and Exercise Sciences, Leisure and Tourism']"
Academic 166,['Geography and Environmental Studies']
Academic 167,['Law']
Academic 168,"['Psychology, Psychiatry and Neuroscience']"
Academic 169,['Law']
Academic 170,"['Clinical Medicine', 'Mathematical Sciences', 'Mathematical Sciences']"
Academic 171,"['Sport and Exercise Sciences, Leisure and Tourism']"
Academic 172,['Education']
Academic 173,"['Chemistry', 'English Language and Literature', 'Engineering']"
Academic 174,['Computer Science and Informatics']
Academic 175,['Engineering']
Academic 176,"['Art and Design: History, Practice and Theory']"
Academic 177,['Classics']
Academic 178,['Computer Science and Informatics']
Academic 179,['Business and Management Studies']
Academic 180,"['Allied Health Professions, Dentistry, Nursing and Pharmacy']"
Academic 181,['Mathematical Sciences']
Academic 182,"['Art and Design: History, Practice and Theory']"
Academic 183,['Area Studies']
Academic 184,['Modern Languages and Linguistics']
Academic 185,"['Sport and Exercise Sciences, Leisure and Tourism']"
Academic 186,['Social Work and Social Policy']
Academic 187,['Mathematical Sciences']
Academic 188,['History']
Academic 189,['Philosophy']
Academic 190,['Law']
Academic 191,['Biological Sciences']
Academic 192,['Law']
Academic 193,['Physics']
Academic 194,['Modern Languages and Linguistics']
Academic 195,"['Psychology, Psychiatry and Neuroscience']"
Academic 196,['Modern Languages and Linguistics']
Academic 197,['Area Studies']
Academic 198,['Classics']
Academic 199,"['Architecture, Built Environment and Planning']"
Academic 200,['Education']
Academic 201,['Clinical Medicine']
Academic 202,['Education']
Academic 203,['Economics and Econometrics']
Academic 204,"['Allied Health Professions, Dentistry, Nursing and Pharmacy']"
Academic 205,['Mathematical Sciences']
Academic 206,['Business and Management Studies']
Academic 207,['Modern Languages and Linguistics']
Academic 208,['History']
Academic 209,['English Language and Literature']
Academic 210,['Classics']
Academic 211,"['Allied Health Professions, Dentistry, Nursing and Pharmacy', 'Communication, Cultural and Media Studies, Library and Information Management']"
Academic 212,['Archaeology']
Academic 213,['Sociology']
Academic 214,['Modern Languages and Linguistics']
Academic 215,['Computer Science and Informatics']
Academic 216,"['Music, Drama, Dance, Performing Arts, Film and Screen Studies']"
Academic 217,['Earth Systems and Environmental Sciences']
Academic 218,"['Business and Management Studies', 'Law', 'Psychology, Psychiatry and Neuroscience', 'Sport and Exercise Sciences, Leisure and Tourism']"
Academic 219,['Geography and Environmental Studies']
Academic 220,"['Archaeology', 'Computer Science and Informatics']"
Academic 221,"['Communication, Cultural and Media Studies, Library and Information Management']"
Academic 222,['Sociology']
Academic 223,['Archaeology']
Academic 224,['Law']
Academic 225,"['Psychology, Psychiatry and Neuroscience']"
Academic 226,"['Architecture, Built Environment and Planning']"
Academic 227,"['Geography and Environmental Studies', 'Physics', 'Economics and Econometrics', 'Psychology, Psychiatry and Neuroscience']"
Academic 228,['Clinical Medicine']
Academic 229,['Education']
Academic 230,['Theology and Religious Studies']
Academic 231,['Philosophy']
Academic 232,['Engineering']
Academic 233,"['Architecture, Built Environment and Planning', 'Business and Management Studies', 'Business and Management Studies', 'Public Health, Health Services and Primary Care']"
Academic 234,"['Sport and Exercise Sciences, Leisure and Tourism']"
Academic 235,['Archaeology']
Academic 236,['Classics']
Academic 237,['Area Studies']
Academic 238,['Education']
Academic 239,"['Architecture, Built Environment and Planning']"
Academic 240,"['Public Health, Health Services and Primary Care']"
Academic 241,"['Music, Drama, Dance, Performing Arts, Film and Screen Studies']"
Academic 242,['Law']
Academic 243,['English Language and Literature']
Academic 244,['History']
Academic 245,"['Architecture, Built Environment and Planning']"
Academic 246,"['Allied Health Professions, Dentistry, Nursing and Pharmacy']"
Academic 247,"['Chemistry', 'History']"
Academic 248,['Area Studies']
Academic 249,['Philosophy']
Academic 250,['History']
Academic 251,['Computer Science and Informatics']
Academic 252,"['Sport and Exercise Sciences, Leisure and Tourism']"
Academic 253,['Geography and Environmental Studies']
Academic 254,"['Theology and Religious Studies', 'Public Health, Health Services and Primary Care']"
Academic 255,['Classics']
Academic 256,['Economics and Econometrics']
Academic 257,['Mathematical Sciences']
Academic 258,"['Communication, Cultural and Media Studies, Library and Information Management']"
Academic 259,"['Sport and Exercise Sciences, Leisure and Tourism']"
Academic 260,"['Geography and Environmental Studies', 'Mathematical Sciences']"
Academic 261,['Sociology']
Academic 262,"['Architecture, Built Environment and Planning', 'Anthropology and Development Studies', 'Law', 'Anthropology and Development Studies']"
Academic 263,"['Sociology', 'Computer Science and Informatics']"
Academic 264,"['English Language and Literature', 'Mathematical Sciences']"
Academic 265,"['Sport and Exercise Sciences, Leisure and Tourism']"
Academic 266,['Area Studies']
Academic 267,['Chemistry']
Academic 268,"['Architecture, Built Environment and Planning']"
Academic 269,"['Communication, Cultural and Media Studies, Library and Information Management']"
Academic 270,"['Mathematical Sciences', 'Area Studies', 'Geography and Environmental Studies', 'Public Health, Health Services and Primary Care']"
Academic 271,['Social Work and Social Policy']
Academic 272,"['Psychology, Psychiatry and Neuroscience']"
Academic 273,['Philosophy']
Academic 274,['Modern Languages and Linguistics']
Academic 275,"['Psychology, Psychiatry and Neuroscience']"
Academic 276,['Law']
Academic 277,['Modern Languages and Linguistics']
Academic 278,"['Architecture, Built Environment and Planning']"
Academic 279,['Clinical Medicine']
Academic 280,['Education']
Academic 281,"['Art and Design: History, Practice and Theory']"
Academic 282,['Classics']
Academic 283,"['Economics and Econometrics', 'Education']"
Academic 284,['Chemistry']
Academic 285,['Clinical Medicine']
Academic 286,"['Sport and Exercise Sciences, Leisure and Tourism']"
Academic 287,['Social Work and Social Policy']
Academic 288,['Classics']
Academic 289,['Economics and Econometrics']
Academic 290,['Business and Management Studies']
Academic 291,"['Art and Design: History, Practice and Theory']"
Academic 292,"['Communication, Cultural and Media Studies, Library and Information Management']"
Academic 293,['English Language and Literature']
Academic 294,"['Computer Science and Informatics', 'Music, Drama, Dance, Performing Arts, Film and Screen Studies']"
Academic 295,['Classics']
Academic 296,['Mathematical Sciences']
Academic 297,['Modern Languages and Linguistics']
Academic 298,['History']
Academic 299,['Mathematical Sciences']
Academic 300,['Business and Management Studies']
Academic 301,"['Agriculture, Food and Veterinary Sciences']"
Academic 302,"['English Language and Literature', 'Economics and Econometrics', 'Clinical Medicine']"
Academic 303,['Area Studies']
Academic 304,"['Sport and Exercise Sciences, Leisure and Tourism']"
Academic 305,['Sociology']
Academic 306,['Modern Languages and Linguistics']
Academic 307,['Earth Systems and Environmental Sciences']
Academic 308,"['Sport and Exercise Sciences, Leisure and Tourism']"
Academic 309,['Computer Science and Informatics']
Academic 310,['Economics and Econometrics']
Academic 311,['Chemistry']
Academic 312,['Economics and Econometrics']
Academic 313,"['Music, Drama, Dance, Performing Arts, Film and Screen Studies']"
Academic 314,['Law']
Academic 315,['Earth Systems and Environmental Sciences']
Academic 316,"['Psychology, Psychiatry and Neuroscience', 'Biological Sciences', 'Law', 'Chemistry']"
Academic 317,"['Psychology, Psychiatry and Neuroscience']"
Academic 318,['Geography and Environmental Studies']
Academic 319,['Chemistry']
Academic 320,"['Computer Science and Informatics', 'Chemistry', 'Allied Health Professions, Dentistry, Nursing and Pharmacy']"
Academic 321,['Philosophy']
Academic 322,"['Allied Health Professions, Dentistry, Nursing and Pharmacy']"
Academic 323,"['Music, Drama, Dance, Performing Arts, Film and Screen Studies']"
Academic 324,"['Communication, Cultural and Media Studies, Library and Information Management']"
Academic 325,['History']
Academic 326,"['Clinical Medicine', 'Anthropology and Development Studies']"
Academic 327,['Biological Sciences']
Academic 328,['Area Studies']
Academic 329,['Modern Languages and Linguistics']
Academic 330,['History']
Academic 331,"['Communication, Cultural and Media Studies, Library and Information Management']"
Academic 332,['Theology and Religious Studies']
Academic 333,"['Communication, Cultural and Media Studies, Library and Information Management']"
Academic 334,"['Allied Health Professions, Dentistry, Nursing and Pharmacy']"
Academic 335,['Geography and Environmental Studies']
Academic 336,"['Psychology, Psychiatry and Neuroscience']"
Academic 337,['Theology and Religious Studies']
Academic 338,['Education']
Academic 339,"['Public Health, Health Services and Primary Care']"
Academic 340,['Social Work and Social Policy']
Academic 341,['Modern Languages and Linguistics']
Academic 342,"['Sport and Exercise Sciences, Leisure and Tourism']"
Academic 343,"['Public Health, Health Services and Primary Care']"
Academic 344,"['Education', 'History', 'Chemistry', 'Agriculture, Food and Veterinary Sciences']"
Academic 345,['Biological Sciences']
Academic 346,"['Music, Drama, Dance, Performing Arts, Film and Screen Studies']"
Academic 347,"['Communication, Cultural and Media Studies, Library and Information Management']"
Academic 348,['Classics']
Academic 349,['Area Studies']
Academic 350,['Chemistry']
Academic 351,"['Architecture, Built Environment and Planning']"
Academic 352,['Earth Systems and Environmental Sciences']
Academic 353,['Archaeology']
Academic 354,['Archaeology']
Academic 355,['Philosophy']
Academic 356,"['Communication, Cultural and Media Studies, Library and Information Management']"
Academic 357,"['Archaeology', 'History', 'Public Health, Health Services and Primary Care', 'Clinical Medicine']"
Academic 358,"['Sport and Exercise Sciences, Leisure and Tourism']"
Academic 359,['Area Studies']
Academic 360,"['Psychology, Psychiatry and Neuroscience']"
Academic 361,['Economics and Econometrics']
Academic 362,"['Chemistry', 'Communication, Cultural and Media Studies, Library and Information Management', 'Law']"
Academic 363,['Area Studies']
Academic 364,['Social Work and Social Policy']
Academic 365,"['Public Health, Health Services and Primary Care']"
Academic 366,"['Art and Design: History, Practice and Theory', 'Law', 'Allied Health Professions, Dentistry, Nursing and Pharmacy']"
Academic 367,['Engineering']
Academic 368,"['History', 'Sociology', 'Law', 'Business and Management Studies']"
Academic 369,['Business and Management Studies']
Academic 370,['Engineering']
Academic 371,['Business and Management Studies']
Academic 372,['Anthropology and Development Studies']
Academic 373,['History']
Academic 374,['Education']
Academic 375,['Chemistry']
Academic 376,"['Communication, Cultural and Media Studies, Library and Information Management']"
Academic 377,"['Psychology, Psychiatry and Neuroscience']"
Academic 378,['Area Studies']
Academic 379,['Biological Sciences']
Academic 380,['Geography and Environmental Studies']
Academic 381,"['Sport and Exercise Sciences, Leisure and Tourism']"
Academic 382,['Earth Systems and Environmental Sciences']
Academic 383,"['Art and Design: History, Practice and Theory', 'Allied Health Professions, Dentistry, Nursing and Pharmacy']"
Academic 384,['Physics']
Academic 385,"['Communication, Cultural and Media Studies, Library and Information Management']"
Academic 386,"['Public Health, Health Services and Primary Care']"
Academic 387,"['Public Health, Health Services and Primary Care']"
Academic 388,['Archaeology']
Academic 389,"['Sport and Exercise Sciences, Leisure and Tourism']"
Academic 390,"['Engineering', 'Law']"
Academic 391,"['Psychology, Psychiatry and Neuroscience']"
Academic 392,['Philosophy']
Academic 393,"['Music, Drama, Dance, Performing Arts, Film and Screen Studies']"
Academic 394,['Classics']
Academic 395,['Archaeology']
Academic 396,"['Allied Health Professions, Dentistry, Nursing and Pharmacy']"
Academic 397,"['Psychology, Psychiatry and Neuroscience']"
Academic 398,['Classics']
Academic 399,"['Agriculture, Food and Veterinary Sciences']"
Academic 400,['Theology and Religious Studies']
Academic 401,"['Earth Systems and Environmental Sciences', 'Clinical Medicine', 'Sport and Exercise Sciences, Leisure and Tourism', 'Classics']"
Academic 402,['Geography and Environmental Studies']
Academic 403,['Philosophy']
Academic 404,"['Economics and Econometrics', 'Economics and Econometrics', 'Business and Management Studies']"
Academic 405,['Anthropology and Development Studies']
Academic 406,['Law']
Academic 407,['Chemistry']
Academic 408,"['Art and Design: History, Practice and Theory']"
Academic 409,['Classics']
Academic 410,"['Music, Drama, Dance, Performing Arts, Film and Screen Studies']"
Academic 411,['Biological Sciences']
Academic 412,"['Art and Design: History, Practice and Theory']"
Academic 413,['Engineering']
Academic 414,['Computer Science and Informatics']
Academic 415,['Theology and Religious Studies']
Academic 416,['Law']
Academic 417,"['Public Health, Health Services and Primary Care']"
Academic 418,"['Social Work and Social Policy', 'Social Work and Social Policy', 'Agriculture, Food and Veterinary Sciences']"
Academic 419,"['Chemistry', 'Allied Health Professions, Dentistry, Nursing and Pharmacy']"
Academic 420,['Biological Sciences']
Academic 421,['Politics and International Studies']
Academic 422,['Physics']
Academic 423,"['Architecture, Built Environment and Planning']"
Academic 424,['History']
Academic 425,"['Music, Drama, Dance, Performing Arts, Film and Screen Studies']"
Academic 426,['Chemistry']
Academic 427,['Mathematical Sciences']
Academic 428,['Sociology']
Academic 429,"['Sport and Exercise Sciences, Leisure and Tourism', 'Agriculture, Food and Veterinary Sciences', 'Classics']"
Academic 430,['Clinical Medicine']
Academic 431,"['Art and Design: History, Practice and Theory']"
Academic 432,"['Art and Design: History, Practice and Theory']"
Academic 433,['Biological Sciences']
Academic 434,['Sociology']
Academic 435,"['Architecture, Built Environment and Planning']"
Academic 436,"['Architecture, Built Environment and Planning']"
Academic 437,['Theology and Religious Studies']
Academic 438,['Sociology']
Academic 439,['Earth Systems and Environmental Sciences']
Academic 440,['Politics and International Studies']
Academic 441,"['Public Health, Health Services and Primary Care']"
Academic 442,['Education']
Academic 443,"['Agriculture, Food and Veterinary Sciences']"
Academic 444,['Geography and Environmental Studies']
Academic 445,"['Allied Health Professions, Dentistry, Nursing and Pharmacy']"
Academic 446,['Philosophy']
Academic 447,"['Architecture, Built Environment and Planning']"
Academic 448,['Engineering']
Academic 449,['Area Studies']
Academic 450,"['Computer Science and Informatics', 'Biological Sciences', 'Mathematical Sciences']"
Academic 451,['History']
Academic 452,"['Allied Health Professions, Dentistry, Nursing and Pharmacy']"
Academic 453,['Geography and Environmental Studies']
Academic 454,['Earth Systems and Environmental Sciences']
Academic 455,"['Psychology, Psychiatry and Neuroscience']"
Academic 456,['Theology and Religious Studies']
Academic 457,"['Sport and Exercise Sciences, Leisure and Tourism']"
Academic 458,['Sociology']
Academic 459,"['Music, Drama, Dance, Performing Arts, Film and Screen Studies']"
Academic 460,['Social Work and Social Policy']
Academic 461,['Computer Science and Informatics']
Academic 462,['Archaeology']
Academic 463,"['Music, Drama, Dance, Performing Arts, Film and Screen Studies']"
Academic 464,['Biological Sciences']
Academic 465,"['Psychology, Psychiatry and Neuroscience']"
Academic 466,"['Agriculture, Food and Veterinary Sciences']"
Academic 467,['Business and Management Studies']
Academic 468,['Theology and Religious Studies']
Academic 469,"['Engineering', 'Allied Health Professions, Dentistry, Nursing and Pharmacy']"
Academic 470,['Sociology']
Academic 471,"['Communication, Cultural and Media Studies, Library and Information Management']"
Academic 472,['Business and Management Studies']
Academic 473,['Area Studies']
Academic 474,"['Music, Drama, Dance, Performing Arts, Film and Screen Studies']"
Academic 475,['Law']
Academic 476,['Politics and International Studies']
Academic 477,"['Art and Design: History, Practice and Theory']"
Academic 478,"['Architecture, Built Environment and Planning']"
Academic 479,"['Communication, Cultural and Media Studies, Library and Information Management']"
Academic 480,['Archaeology']
Academic 481,['Education']
Academic 482,['Sociology']
Academic 483,['Clinical Medicine']
Academic 484,['Philosophy']
Academic 485,['Law']
Academic 486,"['Psychology, Psychiatry and Neuroscience']"
Academic 487,['Politics and International Studies']
Academic 488,['Physics']
Academic 489,['Business and Management Studies']
Academic 490,"['Education', 'Education']"
Academic 491,['Economics and Econometrics']
Academic 492,['Earth Systems and Environmental Sciences']
Academic 493,['Theology and Religious Studies']
Academic 494,"['English Language and Literature', 'Clinical Medicine']"
Academic 495,"['Agriculture, Food and Veterinary Sciences']"
Academic 496,"['Sport and Exercise Sciences, Leisure and Tourism']"
Academic 497,"['Social Work and Social Policy', 'Geography and Environmental Studies']"
Academic 498,"['Agriculture, Food and Veterinary Sciences', 'Classics']"
Academic 499,"['Music, Drama, Dance, Performing Arts, Film and Screen Studies']"
Academic 500,"['Allied Health Professions, Dentistry, Nursing and Pharmacy', 'Politics and International Studies', 'Allied Health Professions, Dentistry, Nursing and Pharmacy', 'Public Health, Health Services and Primary Care']"
Academic 501,['Law']
Academic 502,['Area Studies']
Academic 503,['Classics']
Academic 504,['Modern Languages and Linguistics']
Academic 505,['Computer Science and Informatics']
Academic 506,['Law']
Academic 507,"['Allied Health Professions, Dentistry, Nursing and Pharmacy']"
Academic 508,['Clinical Medicine']
Academic 509,['History']
Academic 510,"['Clinical Medicine', 'Earth Systems and Environmental Sciences']"
Academic 511,['Mathematical Sciences']
Academic 512,"['Sport and Exercise Sciences, Leisure and Tourism']"
Academic 513,"['Art and Design: History, Practice and Theory']"
Academic 514,['Social Work and Social Policy']
Academic 515,"['Philosophy', 'Computer Science and Informatics', 'Computer Science and Informatics']"
Academic 516,['Law']
Academic 517,['Law']
Academic 518,"['Allied Health Professions, Dentistry, Nursing and Pharmacy']"
Academic 519,['Sociology']
Academic 520,['Area Studies']
Academic 521,['Geography and Environmental Studies']
Academic 522,['Mathematical Sciences']
Academic 523,['Anthropology and Development Studies']
Academic 524,['Philosophy']
Academic 525,['History']
Academic 526,"['Architecture, Built Environment and Planning']"
Academic 527,['English Language and Literature']
Academic 528,['Anthropology and Development Studies']
Academic 529,['Archaeology']
Academic 530,"['Public Health, Health Services and Primary Care']"
Academic 531,['Economics and Econometrics']
Academic 532,['Biological Sciences']
Academic 533,"['Art and Design: History, Practice and Theory']"
Academic 534,"['Psychology, Psychiatry and Neuroscience']"
Academic 535,['Politics and International Studies']
Academic 536,['History']
Academic 537,['English Language and Literature']
Academic 538,"['Agriculture, Food and Veterinary Sciences']"
Academic 539,['History']
Academic 540,"['Geography and Environmental Studies', 'Physics']"
Academic 541,['Anthropology and Development Studies']
Academic 542,['Physics']
Academic 543,"['Architecture, Built Environment and Planning']"
Academic 544,['Sociology']
Academic 545,"['Agriculture, Food and Veterinary Sciences']"
Academic 546,['Mathematical Sciences']
Academic 547,"['Business and Management Studies', 'Philosophy']"
Academic 548,['Mathematical Sciences']
Academic 549,['Archaeology']
Academic 550,['Physics']
Academic 551,"['Art and Design: History, Practice and Theory']"
Academic 552,['Geography and Environmental Studies']
Academic 553,['Physics']
Academic 554,['Mathematical Sciences']
Academic 555,"['Earth Systems and Environmental Sciences', 'Art and Design: History, Practice and Theory']"
Academic 556,['Engineering']
Academic 557,"['Public Health, Health Services and Primary Care']"
Academic 558,['English Language and Literature']
Academic 559,['English Language and Literature']
Academic 560,"['History', 'Physics']"
Academic 561,"['Public Health, Health Services and Primary Care']"
Academic 562,['Biological Sciences']
Academic 563,['Clinical Medicine']
Academic 564,['Engineering']
Academic 565,['Classics']
Academic 566,"['Psychology, Psychiatry and Neuroscience']"
Academic 567,['Physics']
Academic 568,['Philosophy']
Academic 569,['Economics and Econometrics']
Academic 570,"['Psychology, Psychiatry and Neuroscience']"
Academic 571,['Anthropology and Development Studies']
Academic 572,['Biological Sciences']
Academic 573,['Philosophy']
Academic 574,"['Psychology, Psychiatry and Neuroscience']"
Academic 575,['Law']
Academic 576,['Law']
Academic 577,['Philosophy']
Academic 578,['Education']
Academic 579,['Geography and Environmental Studies']
Academic 580,['Mathematical Sciences']
Academic 581,"['Architecture, Built Environment and Planning']"
Academic 582,['Archaeology']
Academic 583,['Biological Sciences']
Academic 584,['Education']
Academic 585,['Sociology']
Academic 586,['Social Work and Social Policy']
Academic 587,['Biological Sciences']
Academic 588,['Chemistry']
Academic 589,['Geography and Environmental Studies']
Academic 590,['Earth Systems and Environmental Sciences']
Academic 591,"['Sport and Exercise Sciences, Leisure and Tourism']"
Academic 592,"['Communication, Cultural and Media Studies, Library and Information Management']"
Academic 593,['English Language and Literature']
Academic 594,['Economics and Econometrics']
Academic 595,['Mathematical Sciences']
Academic 596,['Philosophy']
Academic 597,['Philosophy']
Academic 598,['Law']
Academic 599,['Earth Systems and Environmental Sciences']
Academic 600,['Computer Science and Informatics']
Academic 601,['Earth Systems and Environmental Sciences']
Academic 602,"['History', 'Geography and Environmental Studies', 'Engineering', 'Biological Sciences']"
Academic 603,"['Psychology, Psychiatry and Neuroscience']"
Academic 604,"['Agriculture, Food and Veterinary Sciences']"
Academic 605,['Politics and International Studies']
Academic 606,['Theology and Religious Studies']
Academic 607,"['Architecture, Built Environment and Planning']"
Academic 608,['Computer Science and Informatics']
Academic 609,"['Art and Design: History, Practice and Theory']"
Academic 610,['Clinical Medicine']
Academic 611,"['Sport and Exercise Sciences, Leisure and Tourism']"
Academic 612,['Mathematical Sciences']
Academic 613,"['Communication, Cultural and Media Studies, Library and Information Management']"
Academic 614,"['Public Health, Health Services and Primary Care']"
Academic 615,['Modern Languages and Linguistics']
Academic 616,['Philosophy']
Academic 617,['Politics and International Studies']
Academic 618,['Chemistry']
Academic 619,['Computer Science and Informatics']
Academic 620,['English Language and Literature']
Academic 621,['Biological Sciences']
Academic 622,['Biological Sciences']
Academic 623,['English Language and Literature']
Academic 624,['Biological Sciences']
Academic 625,"['English Language and Literature', 'English Language and Literature']"
Academic 626,['Physics']
Academic 627,['Biological Sciences']
Academic 628,['Economics and Econometrics']
Academic 629,"['Agriculture, Food and Veterinary Sciences']"
Academic 630,"['Communication, Cultural and Media Studies, Library and Information Management']"
Academic 631,"['Architecture, Built Environment and Planning']"
Academic 632,['Geography and Environmental Studies']
Academic 633,"['Architecture, Built Environment and Planning']"
Academic 634,['Physics']
Academic 635,['Modern Languages and Linguistics']
Academic 636,['Sociology']
Academic 637,"['Agriculture, Food and Veterinary Sciences']"
Academic 638,['Anthropology and Development Studies']
Academic 639,['Modern Languages and Linguistics']
Academic 640,['Modern Languages and Linguistics']
Academic 641,['Earth Systems and Environmental Sciences']
Academic 642,"['Communication, Cultural and Media Studies, Library and Information Management', 'Philosophy', 'Modern Languages and Linguistics', 'Geography and Environmental Studies']"
Academic 643,['Area Studies']
Academic 644,['Economics and Econometrics']
Academic 645,['Biological Sciences']
Academic 646,['Sociology']
Academic 647,['Engineering']
Academic 648,['Physics']
Academic 649,"['Agriculture, Food and Veterinary Sciences']"
Academic 650,['Theology and Religious Studies']
Academic 651,['Politics and International Studies']
Academic 652,['Education']
Academic 653,"['English Language and Literature', 'Education']"
Academic 654,"['Agriculture, Food and Veterinary Sciences']"
Academic 655,"['Music, Drama, Dance, Performing Arts, Film and Screen Studies']"
Academic 656,"['Architecture, Built Environment and Planning', 'Computer Science and Informatics']"
Academic 657,['Computer Science and Informatics']
Academic 658,['Mathematical Sciences']
Academic 659,['Earth Systems and Environmental Sciences']
Academic 660,['Physics']
Academic 661,"['Public Health, Health Services and Primary Care', 'Earth Systems and Environmental Sciences']"
Academic 662,['Social Work and Social Policy']
Academic 663,['Politics and International Studies']
Academic 664,['Biological Sciences']
Academic 665,"['Music, Drama, Dance, Performing Arts, Film and Screen Studies']"
Academic 666,"['Politics and International Studies', 'Communication, Cultural and Media Studies, Library and Information Management', 'Engineering']"
Academic 667,['Social Work and Social Policy']
Academic 668,['Sociology']
Academic 669,['Geography and Environmental Studies']
Academic 670,"['Anthropology and Development Studies', 'Philosophy']"
Academic 671,"['Communication, Cultural and Media Studies, Library and Information Management']"
Academic 672,['Classics']
Academic 673,['Archaeology']
Academic 674,['Physics']
Academic 675,['Mathematical Sciences']
Academic 676,['Theology and Religious Studies']
Academic 677,"['Sport and Exercise Sciences, Leisure and Tourism']"
Academic 678,['Classics']
Academic 679,['Economics and Econometrics']
Academic 680,"['Sport and Exercise Sciences, Leisure and Tourism']"
Academic 681,['Earth Systems and Environmental Sciences']
Academic 682,"['Communication, Cultural and Media Studies, Library and Information Management']"
Academic 683,"['Communication, Cultural and Media Studies, Library and Information Management']"
Academic 684,"['Communication, Cultural and Media Studies, Library and Information Management']"
Academic 685,"['Art and Design: History, Practice and Theory']"
Academic 686,['Engineering']
Academic 687,['Sociology']
Academic 688,['History']
Academic 689,['Earth Systems and Environmental Sciences']
Academic 690,['Modern Languages and Linguistics']
Academic 691,"['Architecture, Built Environment and Planning']"
Academic 692,"['Allied Health Professions, Dentistry, Nursing and Pharmacy']"
Academic 693,['Theology and Religious Studies']
Academic 694,['English Language and Literature']
Academic 695,['Physics']
Academic 696,"['Social Work and Social Policy', 'Engineering']"
Academic 697,"['Psychology, Psychiatry and Neuroscience']"
Academic 698,['Education']
Academic 699,"['Sociology', 'Allied Health Professions, Dentistry, Nursing and Pharmacy', 'Sociology']"
Academic 700,['Philosophy']
Academic 701,"['Sport and Exercise Sciences, Leisure and Tourism', 'Agriculture, Food and Veterinary Sciences', 'Art and Design: History, Practice and Theory']"
Academic 702,"['Architecture, Built Environment and Planning']"
Academic 703,['Biological Sciences']
Academic 704,['Law']
Academic 705,['Geography and Environmental Studies']
Academic 706,"['Art and Design: History, Practice and Theory']"
Academic 707,['Modern Languages and Linguistics']
Academic 708,['Economics and Econometrics']
Academic 709,"['Architecture, Built Environment and Planning']"
Academic 710,"['Allied Health Professions, Dentistry, Nursing and Pharmacy']"
Academic 711,['Economics and Econometrics']
Academic 712,['Computer Science and Informatics']
Academic 713,['Economics and Econometrics']
Academic 714,"['Psychology, Psychiatry and Neuroscience']"
Academic 715,['Education']
Academic 716,['Earth Systems and Environmental Sciences']
Academic 717,"['Psychology, Psychiatry and Neuroscience']"
Academic 718,['Education']
Academic 719,"['Music, Drama, Dance, Performing Arts, Film and Screen Studies']"
Academic 720,['Theology and Religious Studies']
Academic 721,['Philosophy']
Academic 722,"['Public Health, Health Services and Primary Care']"
Academic 723,"['Allied Health Professions, Dentistry, Nursing and Pharmacy']"
Academic 724,"['Music, Drama, Dance, Performing Arts, Film and Screen Studies']"
Academic 725,['Earth Systems and Environmental Sciences']
Academic 726,['Earth Systems and Environmental Sciences']
Academic 727,"['Communication, Cultural and Media Studies, Library and Information Management']"
Academic 728,['Earth Systems and Environmental Sciences']
Academic 729,"['Biological Sciences', 'Architecture, Built Environment and Planning']"
Academic 730,"['Anthropology and Development Studies', 'Anthropology and Development Studies']"
Academic 731,['Modern Languages and Linguistics']
Academic 732,"['Physics', 'Computer Science and Informatics']"
Academic 733,['Economics and Econometrics']
Academic 734,['Clinical Medicine']
Academic 735,['Business and Management Studies']
Academic 736,['Education']
Academic 737,['Modern Languages and Linguistics']
Academic 738,['Geography and Environmental Studies']
Academic 739,['Sociology']
Academic 740,"['Psychology, Psychiatry and Neuroscience']"
Academic 741,['Computer Science and Informatics']
Academic 742,['Physics']
Academic 743,['Clinical Medicine']
Academic 744,['Earth Systems and Environmental Sciences']
Academic 745,['Geography and Environmental Studies']
Academic 746,['Philosophy']
Academic 747,['Sociology']
Academic 748,['Theology and Religious Studies']
Academic 749,['Social Work and Social Policy']
Academic 750,['Modern Languages and Linguistics']
Academic 751,['Philosophy']
Academic 752,"['Communication, Cultural and Media Studies, Library and Information Management']"
Academic 753,['Engineering']
Academic 754,['Anthropology and Development Studies']
Academic 755,['Computer Science and Informatics']
Academic 756,['Theology and Religious Studies']
Academic 757,"['Architecture, Built Environment and Planning']"
Academic 758,"['Allied Health Professions, Dentistry, Nursing and Pharmacy']"
Academic 759,"['Communication, Cultural and Media Studies, Library and Information Management']"
Academic 760,['Education']
Academic 761,['Anthropology and Development Studies']
Academic 762,['English Language and Literature']
Academic 763,['Physics']
Academic 764,"['Education', 'Modern Languages and Linguistics']"
Academic 765,"['Allied Health Professions, Dentistry, Nursing and Pharmacy']"
Academic 766,['Social Work and Social Policy']
Academic 767,['Politics and International Studies']
Academic 768,['Biological Sciences']
Academic 769,['Chemistry']
Academic 770,['Modern Languages and Linguistics']
Academic 771,['Education']
Academic 772,['Economics and Econometrics']
Academic 773,['English Language and Literature']
Academic 774,['Computer Science and Informatics']
Academic 775,['Earth Systems and Environmental Sciences']
Academic 776,"['Allied Health Professions, Dentistry, Nursing and Pharmacy']"
Academic 777,"['Geography and Environmental Studies', 'Area Studies']"
Academic 778,['Computer Science and Informatics']
Academic 779,['History']
Academic 780,['Chemistry']
Academic 781,"['Agriculture, Food and Veterinary Sciences', 'Anthropology and Development Studies']"
Academic 782,['Anthropology and Development Studies']
Academic 783,['Computer Science and Informatics']
Academic 784,"['Public Health, Health Services and Primary Care', 'Sociology', 'Art and Design: History, Practice and Theory']"
Academic 785,"['Psychology, Psychiatry and Neuroscience']"
Academic 786,['History']
Academic 787,['Social Work and Social Policy']
Academic 788,['Biological Sciences']
Academic 789,"['Allied Health Professions, Dentistry, Nursing and Pharmacy']"
Academic 790,"['Allied Health Professions, Dentistry, Nursing and Pharmacy']"
Academic 791,['Law']
Academic 792,"['Communication, Cultural and Media Studies, Library and Information Management']"
Academic 793,['Physics']
Academic 794,"['Music, Drama, Dance, Performing Arts, Film and Screen Studies']"
Academic 795,['Economics and Econometrics']
Academic 796,['Earth Systems and Environmental Sciences']
Academic 797,['Area Studies']
Academic 798,['Archaeology']
Academic 799,"['Earth Systems and Environmental Sciences', 'Computer Science and Informatics']"
Academic 800,"['Music, Drama, Dance, Performing Arts, Film and Screen Studies']"
Academic 801,['Education']
Academic 802,['Geography and Environmental Studies']
Academic 803,['Physics']
Academic 804,['Law']
Academic 805,"['Music, Drama, Dance, Performing Arts, Film and Screen Studies']"
Academic 806,['Anthropology and Development Studies']
Academic 807,['Modern Languages and Linguistics']
Academic 808,['Modern Languages and Linguistics']
Academic 809,['Classics']
Academic 810,['Archaeology']
Academic 811,['Biological Sciences']
Academic 812,['Theology and Religious Studies']
Academic 813,['Earth Systems and Environmental Sciences']
Academic 814,['Law']
Academic 815,['Anthropology and Development Studies']
Academic 816,['Social Work and Social Policy']
Academic 817,"['Physics', 'Engineering', 'Allied Health Professions, Dentistry, Nursing and Pharmacy', 'Art and Design: History, Practice and Theory']"
Academic 818,['Earth Systems and Environmental Sciences']
Academic 819,"['Music, Drama, Dance, Performing Arts, Film and Screen Studies']"
Academic 820,['Chemistry']
Academic 821,['Chemistry']
Academic 822,"['Public Health, Health Services and Primary Care']"
Academic 823,['Law']
Academic 824,['Economics and Econometrics']
Academic 825,['Law']
Academic 826,"['Communication, Cultural and Media Studies, Library and Information Management']"
Academic 827,['Geography and Environmental Studies']
Academic 828,"['Psychology, Psychiatry and Neuroscience']"
Academic 829,['Area Studies']
Academic 830,['Biological Sciences']
Academic 831,['Geography and Environmental Studies']
Academic 832,['Sociology']
Academic 833,"['Clinical Medicine', 'Art and Design: History, Practice and Theory']"
Academic 834,['Mathematical Sciences']
Academic 835,"['Art and Design: History, Practice and Theory']"
Academic 836,"['Art and Design: History, Practice and Theory']"
Academic 837,['Computer Science and Informatics']
Academic 838,['Engineering']
Academic 839,['Area Studies']
Academic 840,['Engineering']
Academic 841,['Physics']
Academic 842,"['Art and Design: History, Practice and Theory']"
Academic 843,"['Public Health, Health Services and Primary Care']"
Academic 844,['Classics']
Academic 845,"['Chemistry', 'Art and Design: History, Practice and Theory']"
Academic 846,['Computer Science and Informatics']
Academic 847,['Engineering']
Academic 848,"['Psychology, Psychiatry and Neuroscience']"
Academic 849,"['Music, Drama, Dance, Performing Arts, Film and Screen Studies']"
Academic 850,['Engineering']
Academic 851,['Modern Languages and Linguistics']
Academic 852,"['Architecture, Built Environment and Planning']"
Academic 853,"['Communication, Cultural and Media Studies, Library and Information Management']"
Academic 854,['Politics and International Studies']
Academic 855,"['Communication, Cultural and Media Studies, Library and Information Management', 'Archaeology']"
Academic 856,['Geography and Environmental Studies']
Academic 857,['Theology and Religious Studies']
Academic 858,['Sociology']
Academic 859,['Business and Management Studies']
Academic 860,"['Art and Design: History, Practice and Theory']"
Academic 861,['Philosophy']
Academic 862,['Earth Systems and Environmental Sciences']
Academic 863,['Philosophy']
Academic 864,"['Communication, Cultural and Media Studies, Library and Information Management']"
Academic 865,['Geography and Environmental Studies']
Academic 866,['Theology and Religious Studies']
Academic 867,"['Public Health, Health Services and Primary Care']"
Academic 868,['Archaeology']
Academic 869,['Earth Systems and Environmental Sciences']
Academic 870,['Modern Languages and Linguistics']
Academic 871,"['Sport and Exercise Sciences, Leisure and Tourism']"
Academic 872,['Physics']
Academic 873,['History']
Academic 874,['Politics and International Studies']
Academic 875,['Chemistry']
Academic 876,['Mathematical Sciences']
Academic 877,['Sociology']
Academic 878,['Law']
Academic 879,"['Sport and Exercise Sciences, Leisure and Tourism']"
Academic 880,['Clinical Medicine']
Academic 881,"['Architecture, Built Environment and Planning']"
Academic 882,['Area Studies']
Academic 883,['Anthropology and Development Studies']
Academic 884,['Classics']
Academic 885,['Chemistry']
Academic 886,['Physics']
Academic 887,"['Agriculture, Food and Veterinary Sciences', 'Engineering', 'Biological Sciences']"
Academic 888,['Classics']
Academic 889,['Biological Sciences']
Academic 890,['Chemistry']
Academic 891,['Area Studies']
Academic 892,['Theology and Religious Studies']
Academic 893,"['Communication, Cultural and Media Studies, Library and Information Management']"
Academic 894,['Physics']
Academic 895,['Theology and Religious Studies']
Academic 896,['Biological Sciences']
Academic 897,['Modern Languages and Linguistics']
Academic 898,"['Agriculture, Food and Veterinary Sciences']"
Academic 899,['Politics and International Studies']
Academic 900,['History']
Academic 901,['Politics and International Studies']
Academic 902,"['Art and Design: History, Practice and Theory', 'Computer Science and Informatics', 'Clinical Medicine']"
Academic 903,"['Computer Science and Informatics', 'Archaeology']"
Academic 904,['History']
Academic 905,['Clinical Medicine']
Academic 906,"['Anthropology and Development Studies', 'Communication, Cultural and Media Studies, Library and Information Management', 'Engineering']"
Academic 907,"['Business and Management Studies', 'Earth Systems and Environmental Sciences']"
Academic 908,['Modern Languages and Linguistics']
Academic 909,"['Music, Drama, Dance, Performing Arts, Film and Screen Studies']"
Academic 910,['Archaeology']
Academic 911,['Computer Science and Informatics']
Academic 912,"['Communication, Cultural and Media Studies, Library and Information Management']"
Academic 913,['Geography and Environmental Studies']
Academic 914,['Computer Science and Informatics']
Academic 915,"['Public Health, Health Services and Primary Care']"
Academic 916,['Earth Systems and Environmental Sciences']
Academic 917,"['Public Health, Health Services and Primary Care']"
Academic 918,['Earth Systems and Environmental Sciences']
Academic 919,['Law']
Academic 920,['Anthropology and Development Studies']
Academic 921,"['Allied Health Professions, Dentistry, Nursing and Pharmacy']"
Academic 922,"['Architecture, Built Environment and Planning']"
Academic 923,"['Biological Sciences', 'Engineering', 'Physics', 'Modern Languages and Linguistics']"
Academic 924,['Physics']
Academic 925,['Geography and Environmental Studies']
Academic 926,"['Allied Health Professions, Dentistry, Nursing and Pharmacy']"
Academic 927,['English Language and Literature']
Academic 928,"['Psychology, Psychiatry and Neuroscience']"
Academic 929,['English Language and Literature']
Academic 930,['Education']
Academic 931,"['Agriculture, Food and Veterinary Sciences']"
Academic 932,"['Agriculture, Food and Veterinary Sciences']"
Academic 933,['Computer Science and Informatics']
Academic 934,"['Public Health, Health Services and Primary Care']"
Academic 935,['Biological Sciences']
Academic 936,['Physics']
Academic 937,['English Language and Literature']
Academic 938,"['Art and Design: History, Practice and Theory']"
Academic 939,['Biological Sciences']
Academic 940,['Geography and Environmental Studies']
Academic 941,"['Art and Design: History, Practice and Theory']"
Academic 942,"['Sociology', 'History', 'Music, Drama, Dance, Performing Arts, Film and Screen Studies']"
Academic 943,"['Allied Health Professions, Dentistry, Nursing and Pharmacy']"
Academic 944,['Geography and Environmental Studies']
Academic 945,['Clinical Medicine']
Academic 946,['Philosophy']
Academic 947,"['Classics', 'Physics', 'Psychology, Psychiatry and Neuroscience', 'Agriculture, Food and Veterinary Sciences']"
Academic 948,['English Language and Literature']
Academic 949,"['Psychology, Psychiatry and Neuroscience']"
Academic 950,['Law']
Academic 951,['Earth Systems and Environmental Sciences']
Academic 952,"['Agriculture, Food and Veterinary Sciences']"
Academic 953,['Clinical Medicine']
Academic 954,['Area Studies']
Academic 955,"['Sport and Exercise Sciences, Leisure and Tourism']"
Academic 956,['Modern Languages and Linguistics']
Academic 957,['Modern Languages and Linguistics']
Academic 958,"['Sport and Exercise Sciences, Leisure and Tourism']"
Academic 959,['Law']
Academic 960,['Sociology']
Academic 961,"['Allied Health Professions, Dentistry, Nursing and Pharmacy']"
Academic 962,"['Public Health, Health Services and Primary Care']"
Academic 963,"['Classics', 'Biological Sciences']"
Academic 964,"['Agriculture, Food and Veterinary Sciences']"
Academic 965,"['Music, Drama, Dance, Performing Arts, Film and Screen Studies']"
Academic 966,['Mathematical Sciences']
Academic 967,['Biological Sciences']
Academic 968,['Chemistry']
Academic 969,['Chemistry']
Academic 970,"['Music, Drama, Dance, Performing Arts, Film and Screen Studies', 'Business and Management Studies', 'Law']"
Academic 971,"['Sport and Exercise Sciences, Leisure and Tourism']"
Academic 972,['Business and Management Studies']
Academic 973,['Chemistry']
Academic 974,['Politics and International Studies']
Academic 975,"['Agriculture, Food and Veterinary Sciences']"
Academic 976,"['Psychology, Psychiatry and Neuroscience']"
Academic 977,['Theology and Religious Studies']
Academic 978,"['Music, Drama, Dance, Performing Arts, Film and Screen Studies']"
Academic 979,['Clinical Medicine']
Academic 980,['Chemistry']
Academic 981,['Social Work and Social Policy']
Academic 982,['Law']
Academic 983,['Biological Sciences']
Academic 984,['Engineering']
Academic 985,['Law']
Academic 986,['Biological Sciences']
Academic 987,['English Language and Literature']
Academic 988,['Engineering']
Academic 989,['Area Studies']
Academic 990,['Computer Science and Informatics']
Academic 991,"['Music, Drama, Dance, Performing Arts, Film and Screen Studies']"
Academic 992,['Mathematical Sciences']
Academic 993,['Clinical Medicine']
Academic 994,"['Law', 'Music, Drama, Dance, Performing Arts, Film and Screen Studies', 'Modern Languages and Linguistics']"
Academic 995,['Engineering']
Academic 996,['Chemistry']
Academic 997,"['Music, Drama, Dance, Performing Arts, Film and Screen Studies']"
Academic 998,['Education']
Academic 999,['Classics']
